timestamp,program,jupyter,python_exp,pandas_skill,os,dark_mode,languages,continents,dob,wake_time,sleep_time,fav_season,caffeine,pet,fav_movie,fav_genres,hobbies,hw0
2025-09-09 17:43:09,bachelor's (cs),True,less than 1 year,2,macos,False,english,"africa, asia, europe, north america, south america",2004-11-15,1900-01-01 10:00:00,1900-01-01 00:00:00,spring,tea,pet rock,,comedy,"tennis, movies, eating",
2025-09-09 17:44:15,bachelor's (statistics),True,1-2 years,1,macos,True,english,north america,2004-10-21,1900-01-01 09:00:00,1900-01-01 01:00:00,fall,coffee,pet cat,,"action, comedy, sci-fi, mystery/thriller",,
2025-09-09 17:44:16,master's (ds),True,4+ years,5,macos,True,,"asia, australia, europe, north america",2003-02-22,1900-01-01 11:00:00,1900-01-01 01:00:00,winter,coffee,pet cat,,,,
2025-09-09 17:44:32,bachelor's (am),True,2-4 years,4,macos,True,english,"europe, north america, south america",2004-09-23,1900-01-01 07:25:00,1900-01-01 00:00:00,summer,no caffeine for me!,pet cat,shawshank redemption,"action, comedy, sci-fi","hiking, running, reading",
2025-09-09 17:44:38,bachelor's (chemistry),True,1-2 years,4,macos,True,"english, spanish",north america,2004-06-14,1900-01-01 08:45:00,1900-01-01 00:00:00,winter,no caffeine for me!,pet cat,bee movie,"sci-fi, fantasy","playing cello, basketball, playing minecraft",
2025-09-10 10:35:35,mit master‚Äôs,True,2-4 years,3,macos,False,"english, greek, spanish","europe, north america, south america",2003-01-11,1900-01-01 09:00:00,1900-01-01 00:30:00,summer,no caffeine for me!,pet dog,whiplash,"action, comedy, horror, sci-fi, fantasy, mystery/thriller","music production, padel, basketball",üßê
2025-09-09 17:45:08,,True,less than 1 year,1,macos,False,english,"africa, asia, europe, north america, south america",2002-12-15,1900-01-01 08:00:00,1900-01-01 00:00:00,summer,coffee,pet dog,,"comedy, drama, mystery/thriller, romance, documentary",,
2025-09-09 17:45:19,master's (ds) [extension school],True,4+ years,3,windows,True,python r sql,"africa, asia, europe, north america, south america",1985-11-27,1900-01-01 06:00:00,1900-01-01 22:00:00,fall,coffee,pet dog,home alone,comedy,"cycling, hiking, traveling",
2025-09-09 17:45:23,master's (ds),True,4+ years,3,windows,False,"english, mandarin","asia, australia, north america",2000-09-06,,,fall,no caffeine for me!,pet dog,,,,
2025-09-09 17:45:31,hks master's,True,less than 1 year,1,windows,False,korean,asia,1990-07-07,1900-01-01 05:40:00,1900-01-01 23:40:00,winter,coffee,pet rock,interstella,"sci-fi, fantasy, mystery/thriller","playing golf, weightlifting, investment",
2025-09-09 17:45:42,bachelor's (statistics),False,less than 1 year,2,macos,True,"english, ukrainian, russian","africa, asia, europe, north america, south america",2004-09-23,1900-01-01 08:30:00,1900-01-01 01:00:00,fall,coffee,pet cat,the fault in our stars,"comedy, drama, fantasy, mystery/thriller, romance, documentary","chess, running, walking",
2025-09-09 17:45:59,master of finance at mit,True,2-4 years,4,macos,True,"english, chinese","asia, north america, south america",2002-01-04,1900-01-01 08:00:00,1900-01-01 23:45:00,fall,tea,pet dog,the prestige,"action, comedy, sci-fi, mystery/thriller, romance, documentary","video gaming, tennis, piano",
2025-09-09 17:46:42,phd,True,1-2 years,2,windows,True,"english, korean","asia, europe, north america",1994-10-30,1900-01-01 08:00:00,1900-01-01 01:00:00,summer,coffee,pet dog,,"action, comedy, sci-fi, mystery/thriller, documentary",,
2025-09-09 17:46:53,master's (ds) [extension school],True,1-2 years,3,windows,False,"english,thai","asia, north america",2001-01-22,1900-01-01 07:00:00,1900-01-01 22:00:00,spring,tea,pet cat,rush hour,"comedy, romance","gardening,napping,camping",
2025-09-09 17:46:58,master's (ds),True,1-2 years,3,macos,False,mandarin english french,asia,2002-01-12,1900-01-01 09:30:00,1900-01-01 00:00:00,summer,no caffeine for me!,pet cat,love actually,"action, drama, sci-fi, fantasy, mystery/thriller, romance","reading, musicals, traveling",
2025-09-09 17:48:24,master's (ds),False,less than 1 year,2,macos,True,"english, mandarin","asia, australia, europe, north america",2002-08-27,1900-01-01 07:00:00,1900-01-01 01:30:00,fall,coffee,pet cat,saw,"horror, mystery/thriller","taking photos, cafe hopping, watching movie",
2025-09-09 17:49:29,master's (ds),True,2-4 years,4,macos,True,"english, latin",north america,2003-06-02,1900-01-01 07:00:00,1900-01-01 01:00:00,spring,energy drinks,pet rock,the dark knight,"comedy, horror, mystery/thriller","playing the piano, reading latin, weightlifting",
2025-09-09 17:49:47,bachelor's (statistics),True,1-2 years,2,windows,True,"english, tamil","asia, europe, north america",2005-08-17,1900-01-01 08:30:00,1900-01-01 01:30:00,fall,tea,pet rock,inside out 2,"horror, mystery/thriller, documentary","dancing, painting, playing tetris",
2025-09-09 17:50:27,masters in design studies (mdes),True,less than 1 year,1,windows,True,"english, cantonese, mandarin","africa, asia, australia, europe, north america, south america",1993-04-09,1900-01-01 08:30:00,1900-01-01 00:30:00,fall,coffee,pet dog,eternal sunshine of the spotless mind,"comedy, drama, romance, documentary","tennis, my dog! , cross stitching",
2025-09-09 17:50:37,bachelor's (cs),True,4+ years,2,macos,True,"english, mandarin","asia, europe, north america",2004-03-25,1900-01-01 08:30:00,1900-01-01 12:30:00,summer,tea,pet dog,tenet,"action, drama, sci-fi, fantasy, romance","frisbee, tennis, card games",
2025-09-10 10:32:27,bachelor's (statistics),True,1-2 years,2,macos,True,"english, arabic",asia,2003-10-06,1900-01-01 08:00:00,1900-01-01 01:00:00,spring,coffee,pet rock,you,mystery/thriller,"crying, screaming, sobbing",üßê
2025-09-09 17:51:54,bachelor's (cs),False,1-2 years,1,macos,False,"english, ukrainian, french, russian","asia, europe, north america",2005-03-10,1900-01-01 08:30:00,1900-01-01 11:00:00,spring,no caffeine for me!,pet dog,titanic,"action, comedy, drama, sci-fi, fantasy, mystery/thriller, romance","reading, going on walks, playing the piano",
2025-09-09 17:51:57,bachelor's (cs),True,1-2 years,2,macos,False,"english, hindi","asia, europe, north america",2005-09-26,1900-01-01 08:00:00,1900-01-01 11:00:00,fall,coffee,pet rock,crazy stupid love,"action, comedy, romance","journalism, guitar, golf",
2025-09-09 17:52:18,bachelor's (am),False,less than 1 year,1,macos,True,"italian, english","africa, asia, europe, north america, south america",,,1900-01-01 00:00:00,spring,energy drinks,pet cat,,,photography,
2025-09-09 17:54:56,bachelor's (cs),False,1-2 years,2,macos,True,"english, arabic","asia, europe, north america",2006-08-24,1900-01-01 09:00:00,1900-01-01 02:00:00,summer,energy drinks,pet cat,avengers endgame,"action, horror","tennis, video games, coding",
2025-09-09 17:55:00,mit mfin,True,less than 1 year,2,macos,True,mandarin,"asia, europe, north america",,1900-01-01 08:00:00,1900-01-01 23:00:00,fall,coffee,pet cat,interstellar,"action, comedy, sci-fi, fantasy, mystery/thriller","reading, playing video games, listening to music",
2025-09-09 17:55:20,master's (ds),True,1-2 years,3,macos,False,mandarin,"antarctica, asia, europe, north america",2002-08-09,1900-01-01 07:15:00,1900-01-01 02:00:00,fall,coffee,pet dog,,"action, comedy, drama, sci-fi, fantasy, romance",,
2025-09-09 17:55:36,phd,True,2-4 years,4,macos,True,chinese english,"asia, north america",2000-12-21,1900-01-01 11:59:00,1900-01-01 02:00:00,summer,no caffeine for me!,pet dog,moving castles,"action, sci-fi",piano,
2025-09-09 17:55:41,master's (bioinformatics),True,1-2 years,3,macos,False,"english, chinese","asia, europe, north america",2003-04-05,1900-01-01 07:00:00,1900-01-01 11:00:00,summer,coffee,pet cat,charlie and the chocolate factory,"comedy, fantasy, romance","traveling, dancing, doing work-out",
2025-09-09 17:55:54,bachelor's (cs),True,2-4 years,3,macos,True,"english, filipino","asia, north america",2005-07-04,1900-01-01 08:30:00,1900-01-01 01:00:00,fall,coffee,pet dog,la la land,"comedy, drama, horror, sci-fi, mystery/thriller, romance, documentary","biking, hiking, tennis",
2025-09-09 17:57:06,bachelor's (cs),True,4+ years,2,macos,True,"english, chinese, cantonese, malay","asia, australia, europe, north america",2005-09-30,1900-01-01 08:00:00,1900-01-01 00:30:00,fall,no caffeine for me!,pet dog,,,,
2025-09-09 17:57:18,master's (ds),True,2-4 years,5,macos,False,"chinese, english","asia, north america",2003-07-04,1900-01-01 08:30:00,1900-01-01 00:00:00,fall,no caffeine for me!,pet dog,,"horror, mystery/thriller","crochet, music, photography",
2025-09-09 17:58:59,bachelor's (cs),True,4+ years,4,windows,True,"english, thai","asia, australia, europe, north america, south america",2004-12-08,1900-01-01 08:30:00,1900-01-01 00:00:00,fall,tea,pet dog,eeaao,"action, comedy, drama, sci-fi, mystery/thriller","basketball, cooking, coding",
2025-09-10 10:32:20,bachelor's (cs),True,2-4 years,3,macos,False,english,"europe, north america",2005-02-08,1900-01-01 07:00:00,1900-01-01 00:00:00,winter,no caffeine for me!,pet cat,mamma mia,"comedy, drama, fantasy","hiking, playing guitar, reading",üòé
2025-09-09 18:02:40,master's (ds),True,2-4 years,3,windows,True,"english,chinese","africa, asia, europe, north america, south america",2002-11-06,1900-01-01 09:00:00,1900-01-01 00:00:00,spring,no caffeine for me!,pet cat,,"action, horror, sci-fi","scuba dive,tennis, traveling",
2025-09-09 18:02:44,ms/mba,True,1-2 years,3,macos,True,"english, mandarin, spanish","asia, europe, north america, south america",2002-02-16,1900-01-01 08:00:00,1900-01-01 01:00:00,summer,no caffeine for me!,pet rock,pacific rim,"action, comedy, sci-fi","chess, bouldering, ultimate frisbee",
2025-09-09 18:03:33,master's (ds) [extension school],True,1-2 years,4,macos,True,"english, spanish, portuguese","north america, south america",1989-05-05,1900-01-01 04:00:00,1900-01-01 21:00:00,summer,energy drinks,pet dog,le fabuleux destin d'am√©lie poulain,"comedy, drama","woodworking, off-roading, diy",
2025-09-09 18:04:30,bachelor's (statistics),True,2-4 years,4,macos,False,english,"europe, north america",,,,,,,,,,
2025-09-09 18:04:49,master's (ds) [extension school],True,1-2 years,3,macos,True,chinese/taiwanese,"africa, asia, australia, europe, north america, south america",1977-08-18,1900-01-01 05:55:00,1900-01-01 00:30:00,summer,coffee,pet dog,jurassic park,"action, comedy, sci-fi, fantasy, documentary","skiing, basketball, american football",
2025-09-10 10:33:18,master's (ds) [extension school],True,2-4 years,3,linux,True,"english, french","europe, north america",1988-08-21,1900-01-01 07:00:00,1900-01-01 22:45:00,fall,tea,pet cat,the princess bride,"action, comedy, sci-fi, mystery/thriller, documentary","ceramics, computer gaming, singing",üßê
2025-09-09 18:11:27,phd,True,4+ years,5,macos,True,"english, spanish","asia, europe, north america",2002-04-05,1900-01-01 08:00:00,1900-01-01 11:00:00,spring,tea,pet dog,,"comedy, sci-fi","crocheting, baking",
2025-09-10 10:35:18,artificial intelligence graduate certificate [extension school],False,less than 1 year,1,i use google colab,False,"bengali, english","asia, australia, europe, north america",1972-07-26,1900-01-01 05:30:00,1900-01-01 22:30:00,spring,tea,pet cat,the message (1976 film),"drama, mystery/thriller, documentary","reading books, cooking, music",üò±
2025-09-09 18:16:05,master's (ds) [extension school],True,4+ years,4,windows,False,"english, spanish, german","asia, europe, north america",1975-06-22,1900-01-01 06:30:00,1900-01-01 11:30:00,winter,coffee,pet cat,star wars: episode iv - a new hope,"action, drama, horror, sci-fi, fantasy, mystery/thriller, documentary","music, data science, car detailing",
2025-09-09 18:17:11,bachelor's (economics),False,less than 1 year,1,macos,False,"english, chinese","asia, europe, north america",2004-09-01,1900-01-01 08:00:00,1900-01-01 23:30:00,winter,no caffeine for me!,pet dog,good will hunting,romance,"running, skiing, watching tv",
2025-09-09 18:18:15,master's (cse),True,4+ years,4,macos,False,"english, french","africa, asia, australia, europe, north america, south america",2004-12-20,1900-01-01 08:00:00,1900-01-01 23:00:00,winter,no caffeine for me!,pet cat,,"comedy, sci-fi, fantasy, mystery/thriller, romance",,
2025-09-09 18:19:23,master's (ds) [extension school],True,less than 1 year,1,windows,True,"english, french, chinese","asia, europe, north america",1987-05-05,1900-01-01 05:00:00,1900-01-01 01:00:00,fall,tea,pet dog,the sound of music,"action, comedy, mystery/thriller, romance, documentary","yoga, rock climbing, reading",
2025-09-09 18:19:35,master's (ds),True,2-4 years,3,macos,True,"english, chinese, korean","asia, europe, north america, south america",2002-12-19,1900-01-01 09:00:00,1900-01-01 01:00:00,summer,coffee,pet dog,lion king,"action, comedy, drama, sci-fi, fantasy, mystery/thriller, romance, documentary",,
2025-09-09 18:19:46,bachelor's (cs),True,1-2 years,1,macos,True,mandarin,"asia, europe, north america",2005-01-24,1900-01-01 10:00:00,1900-01-01 01:00:00,summer,energy drinks,pet rock,,,,
2025-09-09 18:21:17,bachelor's (cs),True,1-2 years,2,macos,False,"english, mandarin","asia, australia, europe, north america",2004-12-25,1900-01-01 09:00:00,1900-01-01 02:00:00,summer,coffee,pet dog,i dont know,"action, comedy, romance, documentary","running, walking my dog, watching basketball games",
2025-09-09 18:22:11,bachelor's (statistics),False,2-4 years,2,macos,False,english,"asia, europe, north america",2005-02-15,1900-01-01 08:00:00,1900-01-01 00:00:00,summer,no caffeine for me!,pet dog,aladdin,"comedy, drama, fantasy, romance","playing pickleball, reading, playing piano",
2025-09-09 18:22:30,bachelor's (cs),True,1-2 years,1,macos,False,"english, spanish","europe, north america, south america",2004-08-10,1900-01-01 08:00:00,1900-01-01 00:00:00,summer,tea,pet dog,,"action, comedy, drama, sci-fi, mystery/thriller, romance","reading, running, netflix",
2025-09-09 18:22:36,phd,True,4+ years,3,linux,True,"english, arabic, dutch, german, italian","asia, europe, north america",1997-05-30,1900-01-01 08:00:00,1900-01-01 00:12:00,fall,coffee,pet cat,the grand budapest hotel,"comedy, horror, fantasy, arthouse","lifting weights, crochet, smoking hookah",
2025-09-09 18:23:05,mit,True,less than 1 year,2,macos,True,"english, chinese, french","asia, australia, europe, north america",2003-04-24,1900-01-01 09:30:00,1900-01-01 01:00:00,spring,coffee,pet dog,fast and furious,"action, comedy","air rifle, cafe hopping, gyming",
2025-09-09 18:28:50,phd,True,less than 1 year,1,macos,False,"english, danish","europe, north america, south america",1998-10-10,1900-01-01 09:00:00,1900-01-01 23:00:00,fall,coffee,pet dog,,"comedy, drama, sci-fi, fantasy, documentary","gardening, hiking, aerial acrobatics",
2025-09-09 18:30:07,phd,False,less than 1 year,1,windows,False,"english, croatian, bosnian, serbian, montenegrin","asia, europe, north america",1991-04-17,1900-01-01 08:00:00,1900-01-01 00:00:00,summer,coffee,pet dog,the shawshank redemption,"action, comedy","running, learning data science, having coffee with friends",
2025-09-09 18:36:26,bachelor's (statistics),True,4+ years,3,macos,False,"english, hindi, spanish","asia, europe, north america, south america",2005-05-20,1900-01-01 08:27:00,1900-01-01 01:00:00,spring,coffee,pet dog,interstellar,"action, comedy, sci-fi, fantasy, mystery/thriller, romance","singing, writing, playing guitar",
2025-09-09 18:37:36,master's (ds),True,1-2 years,3,macos,False,chineseÔºåenglish,north america,2003-01-31,1900-01-01 08:30:00,1900-01-01 00:00:00,spring,coffee,pet dog,avatar,romance,"travel, watch tv series, shopping",
2025-09-09 18:38:11,master's (ds),True,1-2 years,2,windows,True,chinese,"asia, north america",2003-08-11,1900-01-01 10:00:00,1900-01-01 02:00:00,spring,coffee,pet dog,the dark knight rises,"sci-fi, documentary","reading, bird watching, photography",
2025-09-09 18:38:44,bachelor's (cs),True,less than 1 year,2,macos,False,english,"africa, asia, australia, europe, north america, south america",2004-05-31,1900-01-01 08:00:00,1900-01-01 01:00:00,fall,coffee,pet dog,,,,
2025-09-09 18:38:54,master's (ds) [extension school],True,4+ years,2,windows,True,english,"asia, north america",1997-08-25,1900-01-01 07:00:00,1900-01-01 00:00:00,fall,coffee,pet rock,lost in translation,"action, comedy, sci-fi","piano, guitar, writing poetry",
2025-09-09 18:44:00,bachelor's (cs),True,4+ years,4,macos,True,"persian, english","asia, europe, north america",2005-03-29,1900-01-01 08:00:00,1900-01-01 00:00:00,fall,energy drinks,pet dog,shutter island,"action, drama, sci-fi, mystery/thriller, romance","running/walking, listening to music, trying new food",
2025-09-09 18:46:00,"master's (dbmi, hms)",True,1-2 years,3,macos,True,"chinese, english","asia, europe, north america",2002-10-24,1900-01-01 07:45:00,1900-01-01 00:00:00,fall,coffee,pet cat,,"horror, mystery/thriller, romance, documentary","playing valorant, playing with my cat, cooking",
2025-09-09 18:46:15,bachelor's (neuroscience),True,2-4 years,2,macos,True,"english, spanish","europe, north america, south america",2004-06-16,1900-01-01 09:30:00,1900-01-01 01:30:00,fall,tea,pet dog,everything everywhere all at once,"action, comedy, fantasy, romance","playing guitar, painting",
2025-09-09 18:47:21,master's (landscape architecture),False,less than 1 year,1,windows,True,"english, chinese",asia,2001-11-10,1900-01-01 09:30:00,1900-01-01 01:00:00,winter,coffee,pet dog,,"action, comedy, drama",,
2025-09-09 18:47:34,master‚Äôs (cbqg),True,4+ years,4,macos,True,"mandarin, english","asia, europe, north america",2003-02-10,1900-01-01 08:40:00,1900-01-01 01:00:00,fall,no caffeine for me!,pet rock,smile 2,"comedy, horror","going to live concert, watching horror movies, listening to music",
2025-09-09 18:49:08,bachelor's (cs),True,4+ years,4,macos,True,"english, krio",north america,2004-02-13,1900-01-01 09:15:00,1900-01-01 02:00:00,summer,energy drinks,pet dog,avengers: endgame,"action, comedy, drama, mystery/thriller, documentary","playing nintendo, watching anime, spending time with friends",
2025-09-09 18:49:36,ms/mba,True,less than 1 year,2,windows,True,"swahili, basic french","africa, asia, europe, north america, south america",1995-04-02,1900-01-01 06:00:00,1900-01-01 22:00:00,summer,coffee,pet cat,groundhog day,"action, comedy, mystery/thriller","chess, running, reading",
2025-09-09 18:52:31,master's (ds),True,4+ years,4,macos,True,"english, korean, japanese","asia, europe, north america",1997-10-24,1900-01-01 08:30:00,1900-01-01 01:00:00,fall,coffee,pet dog,mission impossible series,"action, comedy, drama, romance","watching yt, going on a walk, walking my dog",
2025-09-09 18:57:50,master's (ds),True,2-4 years,3,macos,False,"mandarine, english","asia, europe, north america",2002-12-20,1900-01-01 10:00:00,1900-01-01 02:00:00,fall,coffee,pet cat,harry potter,"action, comedy, fantasy, romance","playing tennis, playing the piano, traveling",
2025-09-09 18:57:52,phd,True,1-2 years,2,macos,False,english,"asia, europe, north america",2000-04-20,1900-01-01 06:45:00,1900-01-01 23:00:00,fall,coffee,pet dog,,"action, comedy, drama, romance, documentary","skiing, running, hiking",
2025-09-09 18:58:12,faculty,True,4+ years,5,macos,True,"greek, english","africa, antarctica, asia, australia, europe, north america, south america",1966-09-10,1900-01-01 06:00:00,1900-01-01 01:00:00,winter,coffee,pet rock,withnail and i,,"xc skiing, road cycling and teaching",
2025-09-09 19:03:38,,True,less than 1 year,1,macos,True,,"asia, north america",,1900-01-01 07:30:00,1900-01-01 00:00:00,fall,no caffeine for me!,pet dog,,"fantasy, romance",,
2025-09-09 19:05:23,hse student (taking this course only in the whole semester),True,2-4 years,4,macos,True,spanish and english,north america,1999-09-23,1900-01-01 07:00:00,1900-01-01 22:30:00,winter,coffee,pet dog,demon slayer: infinity castle,"comedy, drama, horror, sci-fi, mystery/thriller, romance, documentary","hitting the gym, playing videogames, cooking",
2025-09-10 10:32:36,master's (ds) [extension school],True,2-4 years,4,macos,False,"german, english, spanish","africa, asia, europe, north america",1970-10-31,1900-01-01 05:30:00,1900-01-01 22:00:00,fall,coffee,pet rock,2001: a space odyssey,"sci-fi, documentary, independent","hiking, skiing, piano playing",üòÖ
2025-09-09 19:08:55,master's (ds),True,2-4 years,3,macos,True,"english, chinese","asia, europe, north america, south america",2003-03-21,1900-01-01 08:00:00,1900-01-01 02:00:00,fall,coffee,pet dog,little women (2019),"action, drama, sci-fi, romance","swimming, watching movies, grocery shopping",
2025-09-09 19:16:15,master's (ds) [extension school],True,4+ years,4,windows,True,"english, french","africa, asia, australia, europe, north america, south america",,1900-01-01 06:30:00,1900-01-01 22:00:00,summer,coffee,pet dog,pulp fiction,"action, comedy, drama, sci-fi, mystery/thriller, romance","padel, running, fantasy baseball",
2025-09-09 19:16:53,phd,True,1-2 years,2,macos,True,elvish,"asia, europe, north america",2000-10-18,1900-01-01 09:30:00,1900-01-01 01:00:00,spring,coffee,pet cat,,"action, comedy, sci-fi, documentary","dancing, cooking, hiking",
2025-09-09 19:19:29,bachelor's (cs),True,4+ years,2,wsl,True,english,asia,2005-07-27,1900-01-01 08:30:00,1900-01-01 02:00:00,summer,tea,pet dog,"jurassic park, jaws, grease","action, comedy, romance, documentary","coding, reading, fishing",
2025-09-09 19:25:05,master's (ds),True,1-2 years,1,windows,True,"english, chinese","asia, north america",2003-06-10,1900-01-01 09:30:00,1900-01-01 00:30:00,spring,coffee,pet rock,harry potter and the half-blood prince,"action, comedy, drama, horror, sci-fi, fantasy, mystery/thriller, romance, documentary","fps game (cs2, apex legend, valorant), watch movies, listen musics",
2025-09-09 19:26:35,bachelor's (cs),True,4+ years,1,windows,True,english,"asia, north america",2005-06-28,1900-01-01 09:30:00,1900-01-01 01:30:00,summer,no caffeine for me!,pet dog,hidden figures,i don‚Äôt watch a lot of movies.,"piano, board games, and puzzles",
2025-09-09 19:27:48,master's (ds),True,2-4 years,3,macos,True,"russian, english, spanish","asia, europe, north america, south america",1994-12-20,1900-01-01 04:30:00,1900-01-01 21:00:00,summer,coffee,pet cat,mad max: fury road,"action, drama, sci-fi, fantasy, mystery/thriller, documentary","submission grappling, record crate digging, reading",
2025-09-09 19:32:29,master's (ds) [extension school],True,4+ years,3,linux,True,"english, farsi, turkish","asia, europe, north america",1984-07-06,1900-01-01 07:00:00,1900-01-01 11:00:00,summer,coffee,pet dog,matrix,"action, comedy, drama, sci-fi, mystery/thriller","movies, nature, exploration",
2025-09-09 19:40:45,phd,True,2-4 years,3,windows,True,"english, spanish,","europe, north america",1999-04-20,1900-01-01 06:10:00,1900-01-01 23:30:00,summer,coffee,pet cat,surf's up,"action, comedy, horror, sci-fi, mystery/thriller","music production, volleyball, videogames",
2025-09-09 19:42:27,bachelor's (cs),True,2-4 years,3,macos,True,"english, mandarin","africa, asia, europe, north america, south america",2004-01-14,1900-01-01 08:30:00,1900-01-01 00:30:00,winter,no caffeine for me!,pet dog,interstellar,"action, comedy, sci-fi, documentary","running, biking",
2025-09-09 19:45:23,master's (ds) [extension school],True,1-2 years,3,windows,True,"spanish, english, french","asia, europe, north america, south america",1991-11-19,1900-01-01 08:30:00,1900-01-01 00:30:00,winter,coffee,pet dog,v for vendetta,"action, comedy, sci-fi, fantasy","watching videogame streams, learning a language, watching anime",
2025-09-09 19:46:18,master's (ds),True,2-4 years,3,macos,True,"english, chinese","africa, asia, europe, north america",2003-04-06,1900-01-01 07:30:00,1900-01-01 00:30:00,fall,coffee,pet dog,the imitation game,"action, comedy, drama, horror, sci-fi, fantasy, mystery/thriller, romance, documentary","playing bass, video games, basketball",
2025-09-09 19:50:46,master's (ds) [extension school],True,4+ years,5,windows,True,"python,sql, vbs","asia, australia, north america",1991-04-08,,1900-01-01 00:00:00,spring,coffee,pet cat,"godfather i, ii, iii","comedy, sci-fi, fantasy, mystery/thriller","camping, fishing, cooking",
2025-09-09 19:52:21,master's (mdes),True,less than 1 year,2,macos,True,"english, mandarin","asia, europe, north america",2000-04-07,1900-01-01 07:30:00,1900-01-01 12:00:00,spring,coffee,pet cat,perfect blue,drama,"playing volleyball, painting, reading books",
2025-09-09 19:56:17,bachelor's (cs),True,1-2 years,1,macos,True,english,"europe, north america",2004-03-03,1900-01-01 08:00:00,1900-01-01 00:00:00,winter,no caffeine for me!,pet dog,tenet,"action, comedy, drama, sci-fi, fantasy, mystery/thriller","reading, eating, writing",
2025-09-09 19:56:42,bachelor's (cs),True,2-4 years,3,macos,False,"english, chinese","asia, europe, north america",2004-02-09,1900-01-01 09:50:00,1900-01-01 01:45:00,fall,tea,pet dog,,,,
2025-09-09 19:57:27,master's (mde),False,less than 1 year,1,macos,True,"spanish, english","europe, north america, south america",1994-12-06,1900-01-01 06:00:00,1900-01-01 11:00:00,summer,coffee,pet dog,soul,"drama, sci-fi, romance, documentary","going to the gym, reading, walking",
2025-09-09 19:58:29,bachelor's (bme),True,less than 1 year,2,macos,False,"english, spanish","europe, north america, south america",2005-07-01,1900-01-01 08:00:00,1900-01-01 00:30:00,fall,coffee,pet dog,se7en,"action, comedy, drama, sci-fi","running, snorkeling, reading",
2025-09-09 19:58:48,bachelor's (cs),True,2-4 years,2,windows,True,"english, hindi","asia, north america",2001-06-01,1900-01-01 06:00:00,1900-01-01 22:00:00,winter,tea,pet rock,tv show - suits,"comedy, documentary","learning, learning and implementing",
2025-09-09 20:01:55,bachelor's (cs),True,1-2 years,3,macos,True,"english, spanish","europe, north america, south america",2003-09-30,1900-01-01 10:00:00,1900-01-01 02:00:00,spring,coffee,pet dog,valerian and the city of a thousand planets,"drama, horror, mystery/thriller, romance","musical theatre, singing, journaling",
2025-09-09 20:08:44,bachelor's (statistics),True,2-4 years,2,macos,True,english,"north america, south america",2006-04-03,1900-01-01 08:30:00,1900-01-01 01:00:00,spring,no caffeine for me!,pet dog,,,,
2025-09-09 20:10:06,"bachelor's (not cs, am, or statistics)",True,2-4 years,3,macos,False,"english, spanish, marathi","asia, europe, north america",,,,spring,tea,pet rock,,,,
2025-09-09 20:10:40,master's (ds) [extension school],True,4+ years,3,windows,True,"english, arabic, malayalam","africa, asia, europe, north america",1999-04-14,1900-01-01 10:00:00,1900-01-01 02:00:00,fall,coffee,pet rock,interstellar,"action, comedy, drama, sci-fi, fantasy, mystery/thriller, documentary","guitar, video games, weightlifting",
2025-09-10 10:32:48,bachelor's (cs),True,2-4 years,3,macos,True,"english, spanish","europe, north america",2005-05-28,1900-01-01 10:00:00,1900-01-01 02:00:00,fall,energy drinks,pet cat,yesterday,"action, comedy, sci-fi, fantasy, mystery/thriller",listening to music,üç∞
2025-09-09 20:19:09,phd,True,1-2 years,3,windows,True,english,"europe, north america, south america",,1900-01-01 08:30:00,1900-01-01 00:30:00,summer,coffee,pet rock,,"comedy, drama, romance, documentary",,
2025-09-10 10:32:32,bachelor's (cs),True,2-4 years,3,windows,True,"english, latin","asia, europe, north america, south america",,1900-01-01 09:00:00,1900-01-01 00:00:00,spring,no caffeine for me!,pet dog,the lion king,"action, sci-fi, fantasy, documentary",,üßê
2025-09-09 20:22:29,bachelor's (cs),True,4+ years,4,macos,True,"bulgarian, english, german","asia, europe, north america",2004-05-03,1900-01-01 09:30:00,1900-01-01 02:00:00,spring,no caffeine for me!,pet cat,hunger games,"action, sci-fi, mystery/thriller","ski, volleyball, hiking",
2025-09-09 20:22:34,master's (ds),True,2-4 years,3,macos,True,"chinese, english","asia, australia, north america",2003-12-17,1900-01-01 09:00:00,1900-01-01 00:00:00,winter,coffee,pet rock,midsommar,"horror, sci-fi, fantasy, mystery/thriller, documentary","nightdreaming, daydreaming, going on a jet2holiday(cuz nothing beats it)",
2025-09-09 20:27:24,bachelor's (am),False,1-2 years,1,macos,True,idk,"asia, australia, europe, north america",2005-02-23,1900-01-01 09:20:00,1900-01-01 00:00:00,summer,no caffeine for me!,pet dog,point break,"action, comedy, sci-fi, fantasy, mystery/thriller","surfing, hydrofoiling, golf",
2025-09-09 20:28:40,bachelor's (am),True,1-2 years,1,macos,True,,,,,,,,,,,,
2025-09-09 20:30:26,bachelor's (am),True,2-4 years,3,windows,True,"english, italian, french, spanish","africa, asia, europe, north america",2004-11-17,1900-01-01 08:00:00,1900-01-01 23:00:00,spring,coffee,pet cat,fury,"action, comedy, drama, horror, sci-fi, fantasy, mystery/thriller, romance, documentary","chess, photography, talking to people",
2025-09-09 20:31:27,master's (ds),True,less than 1 year,1,windows,True,"english, mandarin","africa, asia, australia, europe, north america",2002-07-09,1900-01-01 07:30:00,1900-01-01 00:30:00,spring,coffee,pet dog,green snake,"action, fantasy","reading, video games, writing",
2025-09-09 20:32:12,master's (ds),True,2-4 years,4,windows,False,"english, chinese","asia, north america",2002-12-10,1900-01-01 09:00:00,1900-01-01 01:00:00,fall,no caffeine for me!,pet cat,,"action, romance","music, photography, traveling",
2025-09-10 10:32:31,master's (ds),True,2-4 years,3,macos,False,"english, mandarin","asia, north america",2002-09-13,1900-01-01 09:30:00,1900-01-01 01:30:00,summer,coffee,pet dog,the shawshank redemption,"action, comedy","dancing, gaming, playing texas hold'em",üç∞
2025-09-09 20:36:02,master of finance mit,True,less than 1 year,3,macos,True,english,"africa, asia, australia, europe, north america, south america",1996-07-18,1900-01-01 07:30:00,1900-01-01 01:00:00,summer,coffee,pet dog,interstellar,mystery/thriller,"hiking, travelling, movies",
2025-09-09 20:39:15,phd,True,less than 1 year,2,macos,False,"english, mandarin, spanish","asia, europe, north america",2001-07-30,1900-01-01 09:00:00,1900-01-01 01:00:00,fall,tea,pet rock,,"comedy, documentary",baking,
2025-09-09 20:46:58,ms in biomedical informatics,True,less than 1 year,2,macos,False,"mandarin, english","asia, europe, north america",2002-11-23,1900-01-01 08:30:00,1900-01-01 00:00:00,fall,tea,pet cat,perfect days,"drama, sci-fi, mystery/thriller, romance","taking photos, attending concert, watching movies",
2025-09-09 20:56:43,master's (ds) [extension school],True,4+ years,4,linux,True,"english, tagalog, spanish","asia, europe, north america, south america",1994-08-22,1900-01-01 07:30:00,1900-01-01 00:00:00,fall,coffee,pet rock,back to the future,"action, comedy, horror, sci-fi, documentary","baking, learning languages",
2025-09-09 20:57:26,master's (ds),True,1-2 years,2,macos,False,mandarin,"asia, north america",2003-04-21,1900-01-01 09:30:00,1900-01-01 01:00:00,fall,coffee,pet cat,infernal affairs,"action, comedy, fantasy, mystery/thriller","playing table tennis, walking, reading",
2025-09-09 20:59:28,ms/mba,True,1-2 years,2,macos,False,"english, chinese","africa, asia, australia, europe, north america, south america",2002-05-28,1900-01-01 07:30:00,1900-01-01 00:30:00,summer,coffee,pet cat,yi yi,"drama, sci-fi","boardgame, singing, swinging",
2025-09-09 21:00:32,bachelor's (am),True,2-4 years,1,windows,True,"english, akan, japanese, spanish, french","africa, north america",2004-11-20,1900-01-01 08:30:00,1900-01-01 00:00:00,spring,no caffeine for me!,pet rock,jigsaw,"horror, sci-fi, romance","video games, running",
2025-09-09 21:05:55,mup,True,less than 1 year,2,windows,True,"spanish, french, english","africa, asia, europe, north america, south america",2000-12-09,1900-01-01 09:00:00,1900-01-01 23:00:00,spring,coffee,pet dog,moulin rouge,"comedy, drama, romance","photography, reading, traveling",
2025-09-10 10:32:18,bachelor's (chem/phys + hdrb),True,less than 1 year,3,macos,True,english,"africa, asia, europe, north america, south america",2005-05-30,1900-01-01 08:15:00,1900-01-01 00:30:00,summer,coffee,pet dog,harry potter and the prisoner of azkaban,"action, comedy, horror, sci-fi, fantasy, mystery/thriller","cycling, lifting, philosophy",üòé
2025-09-09 21:21:58,bachelor's (cs),True,1-2 years,2,macos,False,english,"africa, asia, europe, north america",2003-06-14,1900-01-01 09:00:00,1900-01-01 00:00:00,summer,no caffeine for me!,pet cat,creed ii,"action, comedy, romance","reading, crochet, knitting",
2025-09-10 10:32:09,bachelor's (econ),True,less than 1 year,2,macos,True,"english, chinese","asia, europe, north america, south america",2005-11-28,1900-01-01 09:00:00,1900-01-01 00:28:00,summer,tea,pet dog,ocean's 11,"action, comedy, drama","playing saxophone, watching sports, playing video games",üòÖ
2025-09-09 21:30:17,master's (ds) [extension school],True,4+ years,5,macos,True,english,"asia, europe, north america, south america",1988-12-24,1900-01-01 05:00:00,1900-01-01 21:00:00,fall,coffee,pet rock,inception,"comedy, drama, mystery/thriller, romance, documentary","running, strength training, reading",
2025-09-09 21:36:01,master's (ds),True,1-2 years,4,macos,False,"english, mandarin","antarctica, asia, europe, north america",2003-08-22,1900-01-01 06:00:00,1900-01-01 23:20:00,summer,coffee,pet dog,titanic,romance,"piano, photography, food",
2025-09-09 21:48:05,master's (ds) [extension school],True,4+ years,4,macos,False,english,"asia, europe, north america",1978-05-18,1900-01-01 05:00:00,1900-01-01 21:30:00,spring,coffee,pet rock,bond,"action, comedy, drama, mystery/thriller, documentary","watching movies, walking ,driving",
2025-09-09 21:58:45,bachelor's (cs),True,1-2 years,2,windows,True,"chinese, english","asia, north america",2006-02-08,1900-01-01 10:00:00,1900-01-01 01:30:00,fall,no caffeine for me!,pet dog,interstellar,"action, sci-fi, fantasy, mystery/thriller","running, basketball, reading, writing",
2025-09-09 22:02:28,bachelor's (am),True,less than 1 year,1,macos,False,"spanish, quechua, portuguese","asia, europe, north america, south america",2005-06-13,1900-01-01 09:00:00,1900-01-01 00:00:00,winter,coffee,pet cat,superman,"horror, fantasy, romance, documentary","baking, reading, boxing",
2025-09-09 22:09:26,non-degree extension student for graduate credit,True,less than 1 year,1,"use wsl at work, macos at home so i suppose all three?",False,"english, malayalam","asia, north america",1998-10-10,1900-01-01 06:00:00,1900-01-01 22:00:00,spring,energy drinks,pet cat,shrek,"action, comedy, sci-fi, fantasy, mystery/thriller","working out, kamen rider",
2025-09-10 10:32:42,bachelor's (statistics),True,4+ years,4,macos,True,"english, spanish, bangla","asia, europe, north america",2004-05-18,1900-01-01 06:00:00,1900-01-01 22:30:00,fall,coffee,pet cat,3 idiots,"sci-fi, fantasy, mystery/thriller","reading, crocheting",üòé
2025-09-09 22:15:45,master's (ds),True,less than 1 year,1,macos,False,"mandarin, english","asia, europe, north america",2003-03-09,1900-01-01 09:00:00,1900-01-01 01:00:00,spring,coffee,pet cat,five feet apart,"comedy, drama, fantasy, romance","playing drums, swimming, traveling",
2025-09-09 22:17:05,ms/mba,True,2-4 years,2,macos,True,"english, chinese",asia,2003-01-23,,,spring,no caffeine for me!,,,"drama, horror, sci-fi, mystery/thriller",,
2025-09-09 22:26:53,master's (ds),True,2-4 years,4,windows,True,"chinese, english, spanish","asia, europe, north america",2003-02-22,1900-01-01 08:00:00,1900-01-01 23:45:00,spring,coffee,pet dog,intersteller,"action, sci-fi","cooking, playing billiards, listening to edm",
2025-09-10 10:32:09,bachelor's (cs),True,2-4 years,2,macos,False,"english, czech, tamil","africa, asia, australia, europe, north america, south america",2006-05-09,1900-01-01 09:00:00,1900-01-01 02:00:00,fall,coffee,pet dog,the dark knight,"action, comedy, sci-fi, fantasy, mystery/thriller","playing carnatic (indian classical) flute, ping pong, badminton",üßê
2025-09-09 22:29:30,bachelor's (statistics),True,1-2 years,2,macos,False,"english, spanish","europe, north america",2004-02-02,1900-01-01 05:00:00,1900-01-01 22:30:00,summer,energy drinks,pet dog,secretariat,"comedy, drama, romance, documentary","rowing, coding, lifting",
2025-09-10 10:32:38,bachelor's (cs),False,4+ years,1,macos,True,"french, english, arabic","africa, europe, north america",2002-08-06,1900-01-01 05:00:00,1900-01-01 00:00:00,summer,no caffeine for me!,pet dog,,"sci-fi, documentary","hiking, extreme sport, video games",üòé
2025-09-09 22:33:39,bachelor's (cs),False,1-2 years,2,macos,False,"hindi, english","asia, europe, north america",2005-09-25,1900-01-01 08:00:00,1900-01-01 00:00:00,fall,coffee,pet rock,crazy stupid love,"action, comedy, romance","guitar, golf, writing",
2025-09-09 22:33:46,bachelor's (statistics),True,2-4 years,4,macos,True,"english, korean, mandarin, latin","africa, asia, europe, north america, south america",2004-05-06,1900-01-01 09:00:00,1900-01-01 23:00:00,summer,coffee,pet dog,the dark knight,"action, comedy, drama, sci-fi, fantasy, mystery/thriller","chess, fencing, cooking",
2025-09-10 10:32:50,bachelor's (am),True,1-2 years,2,windows,True,"english, ndebele","africa, south america",2002-12-13,1900-01-01 08:00:00,1900-01-01 00:00:00,spring,tea,pet cat,the roses,"comedy, drama, mystery/thriller","crochet, watching movies",üòÖ
2025-09-09 22:38:36,master's (ds) [extension school],True,1-2 years,3,linux,True,english,"europe, north america, south america",1992-03-18,1900-01-01 06:30:00,1900-01-01 22:00:00,fall,coffee,pet dog,the lorax,documentary,"cycling, running, camping",
2025-09-09 22:49:10,master's (ds) [extension school],True,4+ years,3,macos,True,"igbo, english, hausa, yoruba","africa, europe, north america",1977-03-25,1900-01-01 05:30:00,1900-01-01 23:00:00,summer,coffee,pet dog,lioness,"action, horror, sci-fi, mystery/thriller","soccer, ping pong, swimming",
2025-09-10 10:32:43,master's (ds) [extension school],False,2-4 years,3,linux,True,"spanish, english","asia, north america, south america",1983-07-21,1900-01-01 08:00:00,1900-01-01 00:00:00,winter,coffee,pet dog,matrix,"action, sci-fi, fantasy, mystery/thriller","playing piano or playing drums, video games (pc)",üò±
2025-09-09 23:15:23,bachelor's (cs),False,less than 1 year,1,macos,True,"spanish, english, basque","asia, europe, north america",2006-04-30,1900-01-01 07:00:00,1900-01-01 00:00:00,winter,coffee,pet dog,interestellar,"action, comedy, mystery/thriller, documentary","speedcubing, running, movies",
2025-09-09 23:15:34,master‚Äôs (cbqg),True,2-4 years,3,macos,True,"mandarin, english","asia, europe, north america, south america",2002-03-01,1900-01-01 09:30:00,1900-01-01 02:00:00,spring,coffee,pet cat,la la land,"drama, horror, sci-fi, fantasy, mystery/thriller, romance","dancing, fitness, skiing",
2025-09-09 23:18:35,bachelor's (am),False,1-2 years,2,macos,True,english,north america,2005-02-13,1900-01-01 09:00:00,1900-01-01 01:00:00,summer,no caffeine for me!,pet rock,django unchained,"action, comedy, romance, documentary","scrapbooking, upcycling, listening to music",
2025-09-09 23:26:05,bachelor's (statistics),True,4+ years,4,macos,True,"spanish, english","europe, north america, south america",2003-04-01,1900-01-01 10:00:00,1900-01-01 01:00:00,spring,energy drinks,pet dog,surfs up,"action, comedy, drama, sci-fi, fantasy, romance, documentary","catan, music, sports",
2025-09-09 23:27:23,bachelor's (statistics),True,2-4 years,4,linux,True,"english, korean","asia, europe, north america",2005-11-20,1900-01-01 09:30:00,1900-01-01 11:30:00,fall,no caffeine for me!,pet cat,dodgeball,"action, comedy, mystery/thriller","playing sports, watching sports, talking about sports",
2025-09-09 23:29:59,bachelor's (am),True,less than 1 year,1,windows,True,"english, chinese","asia, europe, north america",2004-05-10,1900-01-01 09:45:00,1900-01-01 03:00:00,winter,no caffeine for me!,pet dog,interstellar,"action, comedy, drama, horror, sci-fi, fantasy, mystery/thriller, romance, documentary","watching football, playing chess, playing basketball",
2025-09-10 10:32:16,bachelor's (am),True,less than 1 year,1,macos,True,"english, mandarin","asia, north america",2004-04-06,1900-01-01 09:30:00,1900-01-01 00:30:00,fall,no caffeine for me!,pet dog,la la land,"action, comedy, sci-fi, fantasy, mystery/thriller","poker, running, basketball",üç∞
2025-09-10 10:38:37,bachelor's (cs),False,1-2 years,1,macos,True,"english, spanish","europe, north america",2003-10-22,1900-01-01 09:45:00,1900-01-01 01:30:00,fall,coffee,pet cat,"paris, texas","action, comedy, drama, sci-fi","photography, playing drums, playing chess",üòÖ
2025-09-09 23:37:06,bachelor's (cs),True,1-2 years,1,macos,False,mandarin,asia,2004-06-22,1900-01-01 10:00:00,1900-01-01 01:00:00,summer,no caffeine for me!,pet rock,train to busan,romance,"kpop dance, watching kdramas, walking",
2025-09-09 23:37:21,bachelor's (cs),True,1-2 years,3,macos,True,english,"asia, europe, north america",2006-09-21,1900-01-01 08:00:00,1900-01-01 02:00:00,fall,coffee,pet cat,whiplash,"action, comedy, sci-fi, mystery/thriller, romance, documentary","playing ping pong, memorizing flags, playing cards",
2025-09-09 23:37:34,bachelor's(economics),False,less than 1 year,2,macos,True,english,"africa, asia, europe, north america, south america",2005-01-25,1900-01-01 10:00:00,1900-01-01 02:00:00,fall,tea,pet dog,hunger games,"action, drama, horror, sci-fi, romance","fencing, baking, trying new foods",
2025-09-09 23:38:05,bachelor's (am),True,1-2 years,3,windows,True,"english, german, mandarin","asia, europe, north america",2006-11-17,1900-01-01 08:30:00,1900-01-01 01:00:00,fall,coffee,pet cat,little women (2019),"drama, fantasy, mystery/thriller, romance","knitting, journaling, watching tv",
2025-09-09 23:40:34,phd,True,less than 1 year,1,macos,True,english,europe,1988-04-07,1900-01-01 09:00:00,1900-01-01 01:00:00,summer,no caffeine for me!,pet dog,get out,"comedy, documentary","yoga, strength training, running",
2025-09-09 23:41:33,bachelor's (statistics),True,1-2 years,2,macos,True,"english, chinese","asia, europe, north america",2006-05-11,1900-01-01 09:00:00,1900-01-01 00:30:00,fall,coffee,pet dog,,"action, drama, mystery/thriller, documentary","playing basketball, spending time with friends, hiking",
2025-09-10 00:14:57,master's (ds),True,4+ years,3,macos,False,"chinese, english","asia, australia, north america",2002-05-29,1900-01-01 09:30:00,1900-01-01 01:30:00,winter,coffee,pet dog,let the bullets fly,"action, comedy, sci-fi","snowboarding, playing badminton, making money",
2025-09-10 00:45:59,master's (ds) [extension school],True,less than 1 year,3,macos,False,"english, tamil, hindi","asia, europe, north america, south america",1974-10-19,1900-01-01 07:00:00,1900-01-01 00:30:00,fall,coffee,pet rock,the shawshank redemption,"action, comedy, drama, sci-fi, mystery/thriller, romance",,
2025-09-10 00:53:31,bachelor's (statistics),True,less than 1 year,1,macos,True,"english, gujarati","europe, north america",2004-09-17,1900-01-01 08:00:00,1900-01-01 00:00:00,summer,no caffeine for me!,pet dog,pursuit of happiness,"action, comedy, sci-fi, mystery/thriller, documentary","basketball, hiking, gym",
2025-09-10 01:01:34,bachelor's (am),True,1-2 years,3,macos,True,"english, mandarin, german, french, spanish","africa, asia, australia, europe, north america, south america",2006-09-09,1900-01-01 07:30:00,1900-01-01 01:00:00,fall,tea,pet rock,dune,"comedy, sci-fi, documentary","playing violin, playing squash, reading",
2025-09-10 01:08:22,master's (ds) [extension school],True,1-2 years,3,macos,True,"english, chinese","asia, europe, north america",2000-08-20,1900-01-01 08:00:00,1900-01-01 12:00:00,fall,coffee,pet dog,the dark knight,"action, comedy, drama, romance, documentary","snowboarding, travelling around new places, reading public health papers(yes it's a very nerdy hobby and i love it)",
2025-09-10 01:17:10,phd,True,less than 1 year,1,windows,True,"english, vietnamese","asia, australia, europe, north america",2002-03-19,1900-01-01 10:00:00,1900-01-01 02:00:00,fall,no caffeine for me!,pet dog,interstellar,"action, comedy, sci-fi","cooking, cycling, reading",
2025-09-10 01:36:39,bachelor's (statistics),False,less than 1 year,3,macos,True,"armenian, russian, french","africa, asia, europe, north america",2005-10-26,1900-01-01 08:40:00,1900-01-01 00:30:00,summer,coffee,pet cat,whiplash,"action, comedy, documentary","boxing, guitar, russian memes",
2025-09-10 01:38:39,phd,False,less than 1 year,1,macos,True,"english, mandarin chinese","africa, asia, australia, europe, north america, south america",1997-08-24,1900-01-01 09:00:00,1900-01-01 01:30:00,spring,no caffeine for me!,pet rock,,"comedy, drama, mystery/thriller, romance","drawing, reading, playing board games",
2025-09-10 01:51:26,bachelor's (math),True,less than 1 year,3,macos,False,"english, romanian, russian","africa, asia, europe, north america",2003-06-18,1900-01-01 09:30:00,1900-01-01 02:00:00,spring,tea,pet rock,,"sci-fi, fantasy, mystery/thriller","hiking/walking, photography",
2025-09-10 02:05:44,master's (ds) [extension school],True,less than 1 year,1,macos,True,"english, kannada, hindi","asia, north america",,,,,coffee,,,,,
2025-09-10 05:03:46,master's (ds) [extension school],True,2-4 years,3,windows,False,english,north america,1982-12-15,1900-01-01 04:00:00,1900-01-01 23:00:00,summer,coffee,pet dog,shawshank redemption,"action, comedy, horror, mystery/thriller, documentary","running, cycling, watching sports",üßê
2025-09-10 08:09:23,bachelor's (statistics),True,less than 1 year,1,macos,False,"english, indonesian, chinese","africa, asia, europe, north america",2003-12-16,1900-01-01 07:30:00,1900-01-01 00:00:00,fall,tea,pet dog,les miserables,"action, drama, fantasy, mystery/thriller, romance, documentary","photography, travel, pencil sketching",üòÖ
2025-09-10 08:21:00,master's (ds),True,2-4 years,3,macos,False,mandarin,"asia, europe, north america",2002-11-20,1900-01-01 08:00:00,1900-01-01 02:00:00,spring,no caffeine for me!,pet dog,-,"action, comedy, drama, horror, sci-fi, fantasy, mystery/thriller, romance, documentary","watching gamers play, binge-watching chill shows, cooking",üòé
2025-09-10 10:32:30,phd,True,1-2 years,1,macos,False,english,"europe, north america",1997-09-09,1900-01-01 08:00:00,1900-01-01 23:00:00,summer,coffee,pet cat,kill bill,"action, drama","hiking, running, lifting",üòé
2025-09-10 08:41:42,bachelor's (cs),True,2-4 years,4,windows,True,"vietnamese, english, spanish","asia, europe, north america",2005-03-01,1900-01-01 07:00:00,1900-01-01 02:00:00,summer,no caffeine for me!,pet rock,red rain,"action, comedy, drama, horror, sci-fi, fantasy, mystery/thriller","solving rubik's cubes, singing, playing piano",üòé
2025-09-10 08:57:46,master's (mde),True,less than 1 year,1,windows,False,english,"asia, europe, north america, south america",2001-03-10,1900-01-01 09:00:00,1900-01-01 02:00:00,summer,coffee,pet dog,fast and furious,"action, comedy, drama, romance","tennis, bouldering, ski",üò±
2025-09-10 09:03:02,master's (ds),True,4+ years,4,macos,True,english,"europe, north america",1996-10-04,1900-01-01 08:00:00,1900-01-01 00:30:00,fall,coffee,pet dog,,"action, comedy, sci-fi, documentary",watching football,üòé
2025-09-10 10:35:44,master's (ds),True,2-4 years,4,macos,True,"telugu, hindi, english","asia, europe, north america",2001-06-26,1900-01-01 09:00:00,1900-01-01 00:00:00,spring,no caffeine for me!,pet dog,top gun,"action, comedy, drama, horror, sci-fi, mystery/thriller","watching tv shows, trying new foods, art",üòé
2025-09-10 09:38:46,master's (ds),True,4+ years,4,macos,True,"mandarin, english","asia, europe, north america",2002-11-29,1900-01-01 07:00:00,1900-01-01 01:00:00,spring,coffee,pet cat,the truman show,"action, comedy, sci-fi, fantasy, documentary","playing stardew valley, photographing, sleeping",üßê
2025-09-10 09:22:05,master's (ds) [extension school],False,1-2 years,2,windows,True,"english, italian","asia, europe, north america",1991-04-30,1900-01-01 06:30:00,1900-01-01 22:00:00,spring,coffee,pet dog,american fiction,"comedy, drama, mystery/thriller, documentary","playing guitar, cooking, chess",üßê
2025-09-10 09:30:06,ms/mba,True,less than 1 year,1,macos,True,"chinese, english","asia, australia, europe, north america",2003-02-20,1900-01-01 08:00:00,1900-01-01 00:30:00,summer,coffee,pet dog,interstellar,"action, comedy, drama, sci-fi, fantasy","playing piano, cooking, doing fitness",üßê
2025-09-10 09:37:59,phd,True,4+ years,3,macos,True,"chinese, english","africa, asia, europe, north america, south america",2000-10-29,1900-01-01 08:00:00,1900-01-01 00:00:00,summer,coffee,pet dog,tlor,"action, comedy, drama, horror, sci-fi, fantasy, mystery/thriller",,üßê
2025-09-10 09:43:33,master's (ds) [extension school],True,2-4 years,3,windows,True,"english, chinese, french, spanish","africa, asia, australia, europe, north america",1975-10-06,1900-01-01 07:00:00,1900-01-01 01:00:00,spring,coffee,pet rock,2012,"drama, sci-fi, romance","table tennis, karaoke, mahjong",üòÖ
2025-09-10 10:32:05,master's (ds),True,4+ years,5,macos,False,"chinese, english",asia,2003-02-14,1900-01-01 08:00:00,1900-01-01 00:00:00,winter,coffee,pet dog,passengers,"comedy, horror, sci-fi","hiking, sleeping, gaming",üç∞
2025-09-10 09:51:03,master in public policy (kennedy school),False,less than 1 year,1,macos,True,javascript,"asia, europe, north america",2002-07-15,1900-01-01 09:30:00,1900-01-01 23:30:00,fall,no caffeine for me!,pet rock,f1,"action, sci-fi","hip-hop, sneaker collection, pumping iron",‚ò†Ô∏è
2025-09-10 09:58:49,bachelors (physics),True,2-4 years,2,windows,True,"english, spanish",,2005-06-06,1900-01-01 09:50:00,1900-01-01 04:30:00,spring,no caffeine for me!,pet dog,,"action, fantasy, mystery/thriller","dance, listening to music, art",üòÖ
2025-09-10 10:03:18,master‚Äòs - harvard kennedy school - public policy,True,1-2 years,4,windows,True,"chinese, french, english","africa, asia, europe, north america",2002-05-29,1900-01-01 08:00:00,1900-01-01 23:30:00,fall,coffee,pet dog,soul,"action, comedy, drama, sci-fi, fantasy, romance, documentary",cooooooooking!!!!!!!!!!!!!!,üòé
2025-09-10 10:13:43,master's (mde),True,less than 1 year,1,macos,True,"english, telegu","asia, europe, north america, south america",1999-04-23,1900-01-01 07:00:00,1900-01-01 10:45:00,fall,coffee,pet dog,inception,"action, comedy, sci-fi, documentary","painting, reading, skiing",üò±
2025-09-10 10:15:17,master's (ds) [extension school],True,2-4 years,4,macos,False,"english, japanese","asia, europe, north america, south america",1977-07-28,1900-01-01 06:01:00,1900-01-01 23:20:00,fall,coffee,pet cat,,documentary,"knitting, painting, mowing the lawn",üç∞
2025-09-10 10:19:12,bachelor's (am),False,less than 1 year,2,macos,False,,asia,,,,,,,,,,üòé
2025-09-10 10:32:20,masters (hms bmi),True,2-4 years,3,macos,False,"english, chinese","asia, europe, north america",2000-01-08,1900-01-01 07:30:00,1900-01-01 23:00:00,summer,coffee,pet cat,howl's moving castle,"comedy, drama, sci-fi","going to gym, playing golf, 3d printing",üßê
2025-09-10 10:24:22,master's (ds) [extension school],True,4+ years,3,macos,True,"english, mandarin","asia, north america",2001-02-18,1900-01-01 08:20:00,1900-01-01 00:30:00,winter,tea,pet cat,my neighbor totoro,"action, sci-fi, fantasy, mystery/thriller","reading, crocheting, working out",üòÖ
2025-09-10 10:25:19,bachelor's (cs),,less than 1 year,1,linux,True,"english, mandarin, c++, japanese","asia, europe, north america",2001-01-01,1900-01-01 07:30:00,1900-01-01 11:30:00,fall,no caffeine for me!,pet cat,truman show,"action, comedy, horror, sci-fi, mystery/thriller, commentary, satire","music, eating, games",üòé
2025-09-10 10:25:34,master's (ds) [extension school],True,4+ years,3,macos,True,"spanish, english","north america, south america",1992-02-10,1900-01-01 06:30:00,1900-01-01 12:30:00,winter,coffee,pet cat,the road to el dorado,"action, comedy, sci-fi, fantasy","cooking, drumming, diy anything",üç∞
2025-09-10 10:26:04,phd,True,4+ years,2,windows,True,"english, greek, mandarin, spanish, french",,,,,spring,coffee,pet dog,,,"biking, reading",üòé
2025-09-10 10:26:15,bachelor's (am),True,1-2 years,3,macos,True,"mandarin, english","asia, north america, south america",2005-04-11,1900-01-01 07:30:00,1900-01-01 00:00:00,winter,coffee,pet cat,,"action, comedy, drama, sci-fi","playing piano, playing soccer",üòé
2025-09-10 10:26:18,master's (mde),False,less than 1 year,1,windows,,,"asia, north america",2001-04-21,1900-01-01 08:00:00,1900-01-01 00:00:00,fall,coffee,pet cat,,"comedy, drama, sci-fi, fantasy, mystery/thriller, romance","watching tv, reading, backing",üòÖ
2025-09-10 10:26:30,master's (mde),True,less than 1 year,2,macos,True,english,"asia, europe",2002-05-10,1900-01-01 08:00:00,1900-01-01 01:00:00,fall,no caffeine for me!,pet dog,green book,"comedy, sci-fi, documentary","tennis, horse riding, art",üòÖ
2025-09-10 10:28:04,master's (mde),False,less than 1 year,1,macos,False,"english, bengali, hindi","asia, australia, europe, north america",2000-11-27,1900-01-01 06:00:00,1900-01-01 00:00:00,spring,coffee,pet cat,,,,üòÖ
2025-09-10 10:29:23,ms/mba,True,1-2 years,4,macos,True,"english, mandarin, spanish","africa, asia, australia, europe, north america, south america",2002-04-16,1900-01-01 08:30:00,1900-01-01 00:00:00,fall,coffee,pet dog,seven,"sci-fi, documentary","soccer, movies, novels",üòÖ
2025-09-10 10:30:54,bachelor's (cs),True,1-2 years,3,macos,True,"english, mandarin, french (mildly)","asia, north america",2005-05-22,1900-01-01 07:15:00,1900-01-01 00:00:00,fall,no caffeine for me!,pet dog,digimon the movie,"action, comedy, drama, horror, sci-fi, fantasy, mystery/thriller, romance, documentary","volleyball, mechanical keyboard building, minecraft",üßê
2025-09-10 10:30:58,bachelor's (eps),True,less than 1 year,1,macos,False,"english, french",north america,2000-09-09,1900-01-01 09:05:00,1900-01-01 01:00:00,spring,no caffeine for me!,pet cat,princess mononoke,"action, drama, horror, sci-fi, fantasy, mystery/thriller","eating $1 oysters, watching bad movies, hiking",üòÖ
2025-09-10 10:32:26,mit,True,2-4 years,4,macos,True,"english, hindi","asia, europe, north america",2003-05-24,1900-01-01 08:00:00,1900-01-01 00:00:00,summer,tea,pet dog,life of pi,"action, comedy, sci-fi, mystery/thriller, documentary","volleyball, reading, yoga",üòé
2025-09-10 10:33:08,bachelor's (am),True,less than 1 year,1,macos,True,"korean, english, latin","asia, australia, europe, north america",2004-03-25,1900-01-01 07:00:00,1900-01-01 00:00:00,fall,coffee,pet cat,shawshank redemption,"action, drama, sci-fi, romance, documentary","baking, hiking, journaling",üç∞
2025-09-10 10:33:11,bachelor's (cs),True,2-4 years,3,macos,True,chinese,"africa, asia, europe, north america, south america",2025-09-16,1900-01-01 09:00:00,1900-01-01 11:30:00,winter,no caffeine for me!,pet cat,minecraft movie,comedy,,üòé
2025-09-10 10:33:12,master's (ds),True,4+ years,4,macos,True,"english, hindi","africa, asia, europe, north america",2003-01-16,1900-01-01 09:00:00,1900-01-01 01:00:00,fall,coffee,pet cat,,"action, comedy, drama, sci-fi, fantasy, mystery/thriller",,üç∞
2025-09-10 10:33:26,masters cbqg,True,1-2 years,1,macos,False,"english, mandarin","asia, europe, north america, south america",2003-03-22,1900-01-01 09:30:00,1900-01-01 00:00:00,spring,tea,pet cat,,"action, comedy, drama, fantasy, romance","dancing, cooking, hiking",üßê
2025-09-10 10:33:31,master's (ds),True,2-4 years,3,macos,False,"english, mandarin",asia,2002-10-29,1900-01-01 07:00:00,1900-01-01 00:00:00,fall,coffee,pet cat,wondering earth 2,sci-fi,"singing, ice skating, playing the piano",üòé
2025-09-10 10:33:45,bachelor's (am),True,1-2 years,2,macos,False,"spanish, mandarin, english","north america, south america",2004-12-05,1900-01-01 05:45:00,1900-01-01 23:00:00,fall,coffee,pet dog,,"action, comedy, drama, sci-fi, fantasy, mystery/thriller, romance, documentary","playing piano, running, learning languages",üòé
2025-09-10 10:33:56,bachelor's (statistics),False,1-2 years,2,macos,False,english,"europe, north america",2025-06-28,1900-01-01 08:45:00,1900-01-01 01:30:00,fall,tea,pet cat,avengers: endgame,"action, comedy, sci-fi, fantasy, romance","singing, reading, playing video games",üßê
2025-09-10 10:34:02,master's (ds),True,2-4 years,4,macos,False,english,"europe, north america",2002-11-03,1900-01-01 08:30:00,1900-01-01 12:00:00,spring,no caffeine for me!,pet dog,harry potter,"mystery/thriller, documentary","playing sports, watching sports, naming cities",üòé
2025-09-10 10:34:04,bachelor's (cs),True,1-2 years,1,macos,True,"english, korean","asia, north america",2004-08-18,1900-01-01 09:00:00,1900-01-01 00:30:00,fall,no caffeine for me!,pet dog,train to busan,"mystery/thriller, documentary","drawing/painting, listening to music, clash royale",üßê
2025-09-10 10:34:13,bachelor's (statistics),True,2-4 years,4,macos,False,"python, c++, ukrianian, russian, english","africa, asia, europe, north america",2005-03-12,1900-01-01 07:30:00,1900-01-01 00:30:00,fall,coffee,pet cat,pianist,"action, drama, documentary","music (singing), reading, cooking",üòé
2025-09-10 10:34:14,bachelor's (am),False,1-2 years,2,macos,True,"mandarin, french","asia, europe, north america",2006-02-28,1900-01-01 10:30:00,1900-01-01 01:30:00,summer,tea,pet cat,,"action, sci-fi","dancing, fishing, scrolling",üòÖ
2025-09-10 10:34:15,bachelor's (history),False,1-2 years,2,macos,True,,"asia, europe, north america",,1900-01-01 08:00:00,1900-01-01 23:00:00,fall,no caffeine for me!,pet dog,,,,üç∞
2025-09-10 10:34:15,ms/mba,,1-2 years,3,macos,False,"english, italian","europe, north america",2001-09-24,1900-01-01 08:00:00,1900-01-01 00:00:00,summer,coffee,pet dog,she's the man,"comedy, drama, sci-fi, romance","playing volleyball, reading, running",üßê
2025-09-10 10:34:24,bachelor's (cs),True,2-4 years,3,macos,False,"korean, english","asia, australia, europe, north america",2004-03-03,1900-01-01 08:00:00,1900-01-01 01:00:00,fall,coffee,pet dog,interstellar,"action, sci-fi","sleeping, eating, watching netflix",üòé
2025-09-10 10:34:33,bachelor's (cs),True,2-4 years,2,macos,True,"mandarin, english, spanish, korean","asia, north america",2005-10-07,1900-01-01 10:30:00,1900-01-01 02:00:00,fall,tea,pet rock,,"comedy, mystery/thriller",,üòÖ
2025-09-10 10:34:43,master's (ds),True,less than 1 year,1,macos,True,"english,chinese","asia, europe, north america",1999-06-23,1900-01-01 09:00:00,1900-01-01 00:00:00,summer,tea,pet dog,kungfu panda,action,"surfing, snowboarding, cooking",üò±
2025-09-10 10:34:46,bachelor's. (comp neuro),True,1-2 years,2,macos,True,"polish, swedish, english","europe, north america",2003-03-08,1900-01-01 09:00:00,1900-01-01 01:00:00,spring,coffee,pet dog,babylon,"action, comedy, drama","ballroom dancing, cinema",üßê
2025-09-10 10:34:47,bachelor's (cs),True,4+ years,3,macos,False,english,north america,2004-05-30,1900-01-01 06:45:00,1900-01-01 22:00:00,summer,coffee,pet cat,baby driver,"action, comedy","soccer, volleyball, and watching youtube",üç∞
2025-09-10 10:34:50,bioengineeging sb,True,less than 1 year,2,macos,False,"english, spanish","europe, north america, south america",2005-07-01,1900-01-01 08:00:00,1900-01-01 00:30:00,fall,coffee,pet dog,se7en,"action, comedy, drama, sci-fi, romance","running, hiking, reading",üßê
2025-09-10 10:34:52,bachelor's (cs),True,1-2 years,2,macos,False,"chinese, russian, english","asia, europe, north america",2004-01-03,1900-01-01 08:00:00,1900-01-01 22:30:00,summer,coffee,pet dog,interstellar!,"comedy, drama, fantasy, mystery/thriller, romance, documentary","knitting, hiking, skiing",üßê
2025-09-10 10:34:51,bachelor's (astrophysics),True,less than 1 year,2,macos,True,english,"asia, europe, north america",2004-09-20,1900-01-01 08:30:00,1900-01-01 01:00:00,fall,coffee,pet dog,la la land,"action, comedy, drama, sci-fi, fantasy, mystery/thriller, romance","playing tennis, golfing, playing poker",üò±
2025-09-10 10:34:52,ms/mba,True,4+ years,2,windows,False,"english, mandarin",asia,2002-06-10,1900-01-01 09:30:00,1900-01-01 02:00:00,spring,no caffeine for me!,pet dog,,action,video game,üòé
2025-09-10 10:34:53,master's (ds) [extension school],True,2-4 years,4,windows,False,"english, japanese","asia, europe, north america",1996-06-23,1900-01-01 08:30:00,1900-01-01 11:00:00,winter,no caffeine for me!,pet dog,kung fu panda,comedy,"gaming, hiking, zumba",üòé
2025-09-10 10:34:58,bachelor's (cs),True,2-4 years,3,macos,True,"mandarin, enlgish","asia, europe, north america, south america",2004-11-04,1900-01-01 10:00:00,1900-01-01 01:30:00,spring,coffee,pet dog,,"action, fantasy, mystery/thriller, romance","crocheting, reading, cafes",üòé
2025-09-10 10:35:03,bachelor's (am),True,2-4 years,3,macos,True,"dutch, english, chinese, french","africa, antarctica, asia, australia, europe, north america, south america",2006-01-11,1900-01-01 09:00:00,1900-01-01 01:30:00,summer,coffee,pet dog,interstellar,"action, drama, sci-fi, fantasy, mystery/thriller, romance","orchestra, ballet, traveling",üç∞
2025-09-10 10:35:03,bachelor's ese,True,less than 1 year,2,macos,True,english,"africa, asia, europe, north america, south america",2004-09-20,1900-01-01 09:00:00,1900-01-01 23:30:00,fall,no caffeine for me!,pet dog,rush hour,"action, comedy, fantasy","golfing, tennis, coding",üòÖ
2025-09-10 10:35:05,master's (ds),True,2-4 years,1,macos,False,"chinese, english",asia,2002-06-19,1900-01-01 09:00:00,1900-01-01 02:00:00,fall,coffee,pet dog,the legend of hei,"action, mystery/thriller","video gaming, going gym, merch making",üßê
2025-09-10 10:35:07,bachelor's (statistics),False,less than 1 year,2,macos,False,"english, sinhalese","europe, north america",2004-01-24,1900-01-01 09:00:00,1900-01-01 00:00:00,spring,coffee,pet cat,challengers,"comedy, horror, mystery/thriller","building legos, playing pool, collecting art posters",üßê
2025-09-10 10:35:08,bachelor's (statistics),False,less than 1 year,1,macos,False,?????,"africa, asia, australia, europe, north america, south america",2005-11-08,1900-01-01 09:00:00,1900-01-01 03:00:00,winter,no caffeine for me!,pet dog,ratatoing,"action, comedy, drama, fantasy, mystery/thriller","napping, playing catan, eating hot chip",üòÖ
2025-09-10 10:35:08,master's (ds),True,1-2 years,2,macos,False,chinese,"asia, australia, north america",2002-11-02,1900-01-01 08:00:00,1900-01-01 12:00:00,spring,no caffeine for me!,pet dog,zootopia,"comedy, fantasy","piano,reading, boxing",üßê
2025-09-10 10:35:15,bachelor's (cs),True,1-2 years,1,macos,True,"arabic, english, german","asia, north america",2001-01-01,1900-01-01 07:00:00,1900-01-01 23:00:00,winter,coffee,pet cat,,"sci-fi, mystery/thriller","martial arts, hiking, reading",‚ò†Ô∏è
2025-09-10 10:35:16,bachelor's (cs),True,4+ years,3,macos,True,"english, twi, french","africa, asia, europe, north america",2005-10-14,1900-01-01 09:00:00,1900-01-01 00:00:00,fall,coffee,pet cat,rush hour,"comedy, romance","reading, knitting, netflix",üßê
2025-09-10 10:35:18,bachelors(engineering),True,1-2 years,3,macos,True,"english, tamil","asia, north america",2004-02-09,1900-01-01 07:00:00,1900-01-01 00:00:00,summer,coffee,pet rock,narnia,"comedy, mystery/thriller, romance","badminton, biking, reading",üòé
2025-09-10 10:35:19,bachelor's (cs),True,1-2 years,3,macos,True,"english, pidgin, spanish","africa, north america",,1900-01-01 09:03:00,,summer,coffee,pet dog,parasite,"comedy, drama, horror, mystery/thriller, romance","watching movies, listening to music",üßê
2025-09-10 10:35:21,master's (ds),True,2-4 years,4,macos,True,mandarin,"asia, australia, europe, north america",2003-02-03,1900-01-01 09:30:00,1900-01-01 00:30:00,fall,tea,pet cat,,"drama, sci-fi, mystery/thriller, romance, documentary","bouldering, snowboarding",üòé
2025-09-10 10:35:22,master's (ds),True,2-4 years,4,macos,True,,"asia, north america",2002-07-14,1900-01-01 09:00:00,1900-01-01 01:00:00,fall,no caffeine for me!,pet cat,,"action, comedy",bird watching,üòÖ
2025-09-10 10:35:21,bachelor's (am),True,1-2 years,2,macos,False,"english, mandarin","asia, north america, south america",2005-06-02,1900-01-01 06:00:00,1900-01-01 23:00:00,summer,no caffeine for me!,pet dog,grown ups,"action, comedy, horror, mystery/thriller","swimming, listening to music, sleep",üòé
2025-09-10 10:35:22,bachelor's (statistics),True,1-2 years,2,windows,True,"english, urdu","africa, asia, europe, north america",2025-09-20,1900-01-01 11:00:00,1900-01-01 01:00:00,summer,no caffeine for me!,pet cat,oppenheimer,"drama, romance","shopping, painting, tennis",üòé
2025-09-10 10:35:24,bachelors (neuro),False,less than 1 year,2,macos,True,"english, russian","europe, north america, south america",2004-05-10,1900-01-01 08:50:00,1900-01-01 11:59:00,spring,coffee,pet dog,shawshank,"action, comedy, sci-fi, fantasy","squash, podcasts, cooking",üòé
2025-09-10 10:35:27,master's (ds),True,less than 1 year,1,windows,True,english,"asia, australia, north america",1995-03-29,1900-01-01 09:00:00,1900-01-01 03:00:00,spring,coffee,pet rock,zoolander,"action, comedy",sleeping sleeping sleeping,‚ò†Ô∏è
2025-09-10 10:35:27,bachelor's (cs),False,less than 1 year,3,macos,True,"english, ukrainian, russian, spanish","africa, asia, europe, north america, south america",2005-10-29,1900-01-01 09:00:00,1900-01-01 02:00:00,fall,coffee,pet cat,interstellar,"action, sci-fi, fantasy","chess, music, long walks",üßê
2025-09-10 10:35:32,bachelor's history and math,False,1-2 years,2,macos,False,"english, french, hindi","asia, australia, europe, north america",2005-03-24,1900-01-01 08:15:00,1900-01-01 00:00:00,spring,tea,pet dog,the imitation game,"action, comedy, drama, sci-fi, romance, documentary","hiking, board games, reading",üßê
2025-09-10 10:35:32,bachelor's chemical & physical biology,True,1-2 years,2,windows,False,"english, spanish","africa, asia, australia, europe, north america, south america",2003-04-11,1900-01-01 08:00:00,1900-01-01 00:30:00,summer,coffee,pet dog,jojo rabbit,"action, comedy, drama, sci-fi, mystery/thriller, romance","singing, eating",üòé
2025-09-10 10:35:42,master's (ds),True,4+ years,5,macos,False,"english, korean","asia, north america",2000-05-21,1900-01-01 08:00:00,1900-01-01 00:00:00,winter,coffee,pet dog,parasite,"action, horror, sci-fi, mystery/thriller","playing guitar, league of legends, work out",üç∞
2025-09-10 10:35:45,bachelor's (cs),True,1-2 years,2,macos,False,"italian, english, spanish","europe, north america",2004-12-06,1900-01-01 06:00:00,1900-01-01 22:00:00,summer,coffee,pet dog,secret life of walter mitty,"action, comedy, sci-fi, fantasy, romance","guitar,videogames,running",üßê
2025-09-10 10:35:52,bachelor's (cs),True,2-4 years,2,macos,True,"english, hindi","asia, europe, north america",2006-10-12,1900-01-01 08:00:00,1900-01-01 00:00:00,summer,no caffeine for me!,pet dog,inception,"action, comedy, horror, sci-fi, fantasy, mystery/thriller, documentary","playing guitar, soccer, and solving a rubik's cube",üòé
2025-09-10 10:35:53,bachelor's (cs),True,2-4 years,3,macos,True,"english, spanish, french","asia, europe, north america",2005-03-11,1900-01-01 07:30:00,1900-01-01 23:00:00,summer,no caffeine for me!,pet dog,spider-man or black panther movies,"action, comedy, drama, horror, sci-fi, fantasy, mystery/thriller, romance, documentary","working out, binge watching netflix, cooking",üç∞
2025-09-10 10:36:06,bachelor's (statistics),True,4+ years,2,macos,False,"english, spanish","europe, north america",2003-10-03,1900-01-01 06:45:00,1900-01-01 22:45:00,summer,tea,pet rock,pirates of the carribean,"action, comedy, mystery/thriller, romance, documentary","cello, reading, working out",üç∞
2025-09-10 10:35:56,master's (ds),True,2-4 years,3,macos,False,"chinese, english","africa, asia, europe, north america",,1900-01-01 08:30:00,1900-01-01 23:30:00,spring,no caffeine for me!,pet dog,avengers,"action, comedy, drama, horror, sci-fi, fantasy, mystery/thriller, romance, documentary,","soccer, basketball, dog",üç∞
2025-09-10 10:35:56,bachelor's (cs),True,less than 1 year,2,macos,True,english,"asia, europe, north america, south america",2004-06-15,1900-01-01 05:45:00,1900-01-01 23:00:00,spring,coffee,pet dog,inception,"sci-fi, mystery/thriller","playing poker, swimming",üßê
2025-09-10 10:36:00,bachelor's (biomedical engineering),True,1-2 years,2,windows,True,"english, japanese","africa, asia, europe, north america",2005-05-27,1900-01-01 08:00:00,1900-01-01 00:00:00,spring,no caffeine for me!,pet cat,the dark night,"action, comedy, drama","piano, making movies, thrifting",üßê
2025-09-10 10:36:03,bachelor's (statistics),True,1-2 years,4,macos,True,"english, chinese","asia, australia, europe, north america",2005-11-09,1900-01-01 08:15:00,1900-01-01 01:15:00,winter,coffee,pet dog,the blindside,action,,üòé
2025-09-10 10:36:14,ms/mba,True,1-2 years,2,macos,False,"chinese, english","asia, europe, north america",2003-07-01,1900-01-01 09:00:00,1900-01-01 12:00:00,summer,coffee,pet dog,,,,üßê
2025-09-10 10:36:17,bachelor's (cs),True,1-2 years,3,macos,True,"english, chinese","asia, europe, north america",2005-07-30,1900-01-01 02:30:00,1900-01-01 10:30:00,winter,no caffeine for me!,pet rock,finding nemo,fantasy,"sleeping, napping, eating",üòé
2025-09-10 10:36:17,master's (mde),False,less than 1 year,1,macos,True,"english, thai",asia,2001-01-14,1900-01-01 08:00:00,1900-01-01 02:00:00,fall,coffee,pet cat,psychological thrillers,"comedy, drama, horror, fantasy, mystery/thriller, romance, documentary","muay thai, reading, sketching",‚ò†Ô∏è
2025-09-10 10:36:23,bachelor's (am),False,1-2 years,3,windows,True,"english, spanish","europe, north america",2005-04-22,1900-01-01 08:30:00,1900-01-01 11:00:00,fall,coffee,pet dog,rocky iv,"comedy, horror","running, watching sports, playing games",üßê
2025-09-10 10:36:26,master's (ds),True,2-4 years,2,macos,True,"english, mandarin",asia,2003-01-15,1900-01-01 09:50:00,1900-01-01 02:00:00,spring,coffee,pet dog,everything everywhere all at once,"action, drama, mystery/thriller, romance","dancing, boxing, playing bass",üòÖ
2025-09-10 10:36:32,bachelor's (statistics),False,1-2 years,1,macos,True,"fujianese, mandarin, english",,2005-03-23,1900-01-01 09:00:00,1900-01-01 03:00:00,fall,tea,pet cat,catch me if you can,"action, horror, documentary","drawing, playing tennis, and watching movies!",üßê
2025-09-10 10:36:33,bachelor's (statistics),False,less than 1 year,1,macos,False,english,"africa, asia, australia, europe, north america, south america",2005-03-27,1900-01-01 08:00:00,1900-01-01 23:30:00,summer,no caffeine for me!,pet rock,wicked,"action, comedy, drama, sci-fi, fantasy","plane spotting, traveling",üò±
2025-09-10 10:36:41,bachelor's (statistics),False,less than 1 year,1,windows,True,"korean, german","asia, europe, north america",2004-12-06,1900-01-01 09:00:00,1900-01-01 02:00:00,fall,coffee,pet dog,sound of music,"action, fantasy, documentary","tennis, reading, running",üòÖ
2025-09-10 10:36:43,bachelor's (cs),True,1-2 years,3,macos,True,"english, japanese, korean","asia, europe, north america, south america",2003-11-17,1900-01-01 10:00:00,1900-01-01 02:30:00,fall,coffee,pet cat,la haine,"action, comedy, drama, mystery/thriller, romance, documentary","violin, writing, hanging out",
2025-09-10 10:36:48,bachelor's (cs),False,1-2 years,1,macos,True,english,north america,2005-05-16,1900-01-01 09:00:00,1900-01-01 02:00:00,summer,energy drinks,pet dog,midsommar,"comedy, horror",,üòé
2025-09-10 10:36:49,bachelor's (am),True,1-2 years,3,windows,True,english,"asia, europe, north america",2006-04-15,1900-01-01 10:00:00,1900-01-01 02:00:00,spring,no caffeine for me!,pet dog,,sci-fi,"walking, running, sprinting.",üç∞
2025-09-10 10:37:12,master's (ds),True,less than 1 year,2,windows,False,"english, mandarin","africa, asia, australia, europe, north america",2000-02-23,1900-01-01 07:30:00,1900-01-01 23:00:00,summer,tea,pet cat,a beautiful mind,"comedy, drama, horror","hiking, running, reading",üßê
2025-09-10 10:36:51,bachelor's math,True,1-2 years,4,macos,True,"english, spanish","asia, europe, north america",2006-04-06,1900-01-01 09:00:00,1900-01-01 12:30:00,winter,no caffeine for me!,pet cat,shawshank redemption,"action, comedy, horror","skiing, sailing, math",üòé
2025-09-10 10:36:59,ms/mba,True,1-2 years,3,windows,True,"english, manderin","asia, north america",2002-12-13,1900-01-01 08:00:00,1900-01-01 02:00:00,fall,coffee,pet cat,,"action, comedy, drama, horror","kpop, reading, singing",üòÖ
2025-09-10 10:37:09,bachelor's,False,less than 1 year,1,windows,False,"english, dutch","australia, europe, north america",2004-09-14,1900-01-01 08:00:00,1900-01-01 22:00:00,summer,no caffeine for me!,pet dog,the eurovision movie,"action, comedy, documentary","running, lifting, singing",‚ò†Ô∏è
2025-09-10 10:37:12,master's (ds),True,2-4 years,3,macos,True,chinese,"asia, europe, north america",2005-02-05,1900-01-01 09:30:00,1900-01-01 00:30:00,summer,coffee,pet dog,,"action, sci-fi, fantasy, romance","trading card collecting, watching anime, playing guitar",üòé
2025-09-10 10:37:17,bachelor's (statistics),False,less than 1 year,1,macos,True,english & haitian creole,"north america, south america",2004-04-01,1900-01-01 08:30:00,1900-01-01 01:00:00,fall,tea,pet dog,moonlight,"action, horror, sci-fi, fantasy, mystery/thriller, romance","volunteering, listen to music, napping",üòÖ
2025-09-10 10:37:19,bachelor's (pure math),False,less than 1 year,1,macos,True,english,"asia, europe, north america",2004-07-19,1900-01-01 09:00:00,1900-01-01 00:00:00,summer,coffee,pet dog,moana? or hannah montana the movie,"comedy, documentary","horse back riding, golfing, eating",üò±
2025-09-10 10:37:19,bachelor's (cs),True,less than 1 year,1,macos,True,"korean, english","asia, north america, south america",2004-04-24,1900-01-01 09:00:00,1900-01-01 00:00:00,spring,tea,pet cat,breaking of waves,"action, drama, mystery/thriller, documentary","record collecting, playing games, reading",üßê
2025-09-10 10:37:23,bachelor's (cs),True,4+ years,3,macos,False,"english, somali","africa, asia, europe, south america",2005-03-28,1900-01-01 08:30:00,1900-01-01 11:45:00,spring,coffee,pet cat,pulp fiction,"action, sci-fi, mystery/thriller",,üòé
2025-09-10 10:37:26,ms/mba,False,less than 1 year,1,windows,True,chinese,asia,,1900-01-01 06:45:00,1900-01-01 01:00:00,spring,coffee,pet rock,star trek: first contact,sci-fi,,üò±
2025-09-10 10:37:26,bachelor's (statistics),True,1-2 years,3,macos,True,english,"africa, north america",2005-10-25,1900-01-01 09:30:00,1900-01-01 11:30:00,fall,no caffeine for me!,pet rock,black panther,"action, comedy, horror, mystery/thriller, documentary","video games, coding, exercise",üòé
2025-09-10 10:37:28,master's (ds),True,1-2 years,3,windows,True,"mandarin, english",asia,2001-06-04,1900-01-01 08:30:00,1900-01-01 02:30:00,fall,tea,pet cat,chernobyl,"action, sci-fi, documentary","archery, badminton, cooking",üßê
2025-09-10 10:37:31,bachelor's (statistics),False,less than 1 year,1,macos,True,,"africa, asia, australia, europe, north america, south america",2003-09-22,1900-01-01 09:00:00,1900-01-01 00:00:00,winter,no caffeine for me!,pet rock,pulp fiction,"action, comedy, drama, horror, mystery/thriller, romance","plane watching, hate watching man united, playing avalon",üòé
2025-09-10 10:37:41,bachelor's (cs),True,4+ years,4,macos,True,"english, spanish (conversational)",north america,2003-07-22,1900-01-01 21:30:00,1900-01-01 00:00:00,summer,coffee,pet cat,,"action, drama, horror, sci-fi, fantasy, mystery/thriller, documentary","drawing, swimming, running, reading",üç∞
2025-09-10 10:37:47,"ba (econ, cs secondary)",False,less than 1 year,1,windows,True,english,"asia, europe, north america, south america",2004-02-14,1900-01-01 07:30:00,1900-01-01 00:00:00,fall,coffee,pet cat,,"action, comedy, sci-fi, fantasy","lacrosse, singing",üßê
2025-09-10 10:37:56,master's (ds),True,4+ years,5,macos,True,"english, croatian","asia, europe, north america",2002-08-24,1900-01-01 09:30:00,1900-01-01 01:30:00,summer,no caffeine for me!,pet dog,"primal fear, american history x, vertigo",mystery/thriller,"pub quizzes, fantasy football, hackathons",üç∞
2025-09-10 10:38:10,bachelors (physics),True,2-4 years,2,macos,True,"english, chinese, french","asia, europe, north america, south america",2004-09-12,1900-01-01 10:00:00,1900-01-01 01:00:00,fall,coffee,pet dog,hachiko,"action, comedy, sci-fi, fantasy, mystery/thriller, romance","lifting/playing sports, playing games (video games and board games), writing poems",üòé
2025-09-10 10:38:14,mit,True,1-2 years,3,windows,True,"chinese, english","asia, europe, north america",2002-10-10,1900-01-01 11:00:00,1900-01-01 03:00:00,summer,no caffeine for me!,pet rock,a one and a two,"action, horror, fantasy","playing the piano, playing badminton, sleeping",üßê
2025-09-10 10:38:28,bachelor's (statistics),True,1-2 years,2,macos,False,"english, mandarin","asia, europe, north america",2005-02-15,1900-01-01 09:30:00,1900-01-01 01:30:00,fall,coffee,pet dog,night is short walk on girl,"comedy, drama, romance, documentary","watching movies, going on walks, folding clothes",üßê
2025-09-10 10:38:35,bachelor's (cs),True,2-4 years,3,macos,True,english,"africa, north america",2005-12-30,1900-01-01 08:30:00,1900-01-01 01:30:00,summer,no caffeine for me!,pet dog,spider-man: across the spiderverse,"action, comedy, drama","playing basketball, playing piano",üç∞
2025-09-10 10:38:46,master's (ds),True,4+ years,4,macos,True,"english, chinese","asia, europe, north america",2003-06-10,1900-01-01 09:00:00,1900-01-01 00:30:00,winter,coffee,pet dog,frozen,drama,"cs109a, cs109b, cs109c",üç∞
2025-09-10 10:38:53,master's (harvard kennedy school),True,less than 1 year,2,windows,False,"bahasa, english","asia, south america",1996-04-05,1900-01-01 06:30:00,1900-01-01 23:30:00,fall,coffee,pet dog,spotlight,"action, comedy, mystery/thriller, romance","playing piano, cooking, eating",üò±
2025-09-10 10:38:58,bachelors- history of science,False,less than 1 year,1,macos,False,"english, spanish",,,1900-01-01 09:00:00,1900-01-01 00:00:00,spring,coffee,pet dog,,,,üßê
2025-09-10 10:39:02,bachelor's (cs),True,4+ years,4,macos,True,"english, spanish (advanced/conversational)",north america,2003-07-22,1900-01-01 09:30:00,1900-01-01 00:00:00,summer,coffee,pet cat,,"action, drama, horror, sci-fi, mystery/thriller, documentary","reading, drawing, running, swimming",üç∞
2025-09-10 10:39:10,bachelor's (psychology),True,less than 1 year,2,macos,True,"portuguese, english","europe, north america, south america",2005-02-08,1900-01-01 07:30:00,1900-01-01 23:00:00,summer,no caffeine for me!,pet dog,,"drama, horror","running, reading, eating",üßê
